{"0":{"id":1,"school":"Princeton University"},"1":{"id":2,"school":"Harvard University"},"2":{"id":3,"school":"Yale University"},"3":{"id":4,"school":"Stanford University"},"4":{"id":5,"school":"The University of Chicago"},"5":{"id":6,"school":"Columbia University in the City of New York"},"6":{"id":7,"school":"Massachusetts Institute of Technology"},"7":{"id":8,"school":"Duke University"},"8":{"id":9,"school":"University of Pennsylvania"},"9":{"id":10,"school":"California Institute of Technology"},"10":{"id":11,"school":"Johns Hopkins University"},"11":{"id":12,"school":"Northwestern University"},"12":{"id":13,"school":"Dartmouth College"},"13":{"id":14,"school":"Brown University"},"14":{"id":15,"school":"Cornell University"},"15":{"id":16,"school":"Washington University in St Louis"},"16":{"id":17,"school":"Vanderbilt University"},"17":{"id":18,"school":"University of Notre Dame"},"18":{"id":19,"school":"Rice University"},"19":{"id":20,"school":"University of California-Berkeley"},"20":{"id":21,"school":"Emory University"},"21":{"id":22,"school":"Georgetown University"},"22":{"id":23,"school":"University of California-Los Angeles"},"23":{"id":24,"school":"University of Southern California"},"24":{"id":25,"school":"Carnegie Mellon University"},"25":{"id":26,"school":"University of Virginia-Main Campus"},"26":{"id":27,"school":"Tufts University"},"27":{"id":28,"school":"Wake Forest University"},"28":{"id":29,"school":"University of Michigan-Ann Arbor"},"29":{"id":30,"school":"Boston College"},"30":{"id":31,"school":"University of North Carolina at Chapel Hill"},"31":{"id":32,"school":"New York University"},"32":{"id":33,"school":"University of Rochester"},"33":{"id":34,"school":"College of William and Mary"},"34":{"id":35,"school":"Brandeis University"},"35":{"id":36,"school":"Georgia Institute of Technology-Main Campus"},"36":{"id":37,"school":"University of California-Santa Barbara"},"37":{"id":38,"school":"Case Western Reserve University"},"38":{"id":39,"school":"University of California Irvine"},"39":{"id":40,"school":"University of California-San Diego"},"40":{"id":41,"school":"University of California Davis"},"41":{"id":42,"school":"University of Illinois at Urbana-Champaign"},"42":{"id":43,"school":"Boston University"},"43":{"id":44,"school":"Rensselaer Polytechnic Institute"},"44":{"id":45,"school":"University of Wisconsin-Madison"},"45":{"id":46,"school":"Tulane University of Louisiana"},"46":{"id":47,"school":"Northeastern University"},"47":{"id":48,"school":"Pennsylvania State University-Main Campus"},"48":{"id":49,"school":"University of Florida"},"49":{"id":50,"school":"Lehigh University"},"50":{"id":51,"school":"University of Miami"},"51":{"id":52,"school":"University of Washington-Seattle Campus"},"52":{"id":53,"school":"Ohio State University-Main Campus"},"53":{"id":54,"school":"The University of Texas at Austin"},"54":{"id":55,"school":"Pepperdine University"},"55":{"id":56,"school":"Yeshiva University"},"56":{"id":57,"school":"George Washington University"},"57":{"id":58,"school":"University of Connecticut"},"58":{"id":59,"school":"University of Maryland-College Park"},"59":{"id":60,"school":"Worcester Polytechnic Institute"},"60":{"id":61,"school":"Purdue University-Main Campus "},"61":{"id":62,"school":"Syracuse University"},"62":{"id":63,"school":"University of Georgia"},"63":{"id":64,"school":"Clemson University"},"64":{"id":65,"school":"Southern Methodist University"},"65":{"id":66,"school":"University of Pittsburgh-Pittsburgh Campus"},"66":{"id":67,"school":"Fordham University"},"67":{"id":68,"school":"Brigham Young University"},"68":{"id":69,"school":"University of Minnesota-Twin Cities"},"69":{"id":70,"school":"Virginia Polytechnic Institute and State University"},"70":{"id":71,"school":"Texas A & M University"},"71":{"id":72,"school":"Rutgers University"},"72":{"id":73,"school":"American University"},"73":{"id":74,"school":"Baylor University"},"74":{"id":75,"school":"Michigan State University"},"75":{"id":76,"school":"Indiana University Bloomington"},"76":{"id":77,"school":"University of Delaware"},"77":{"id":78,"school":"University of Massachusetts Amherst"},"78":{"id":79,"school":"Clark University"},"79":{"id":80,"school":"Stevens Institute of Technology"},"80":{"id":81,"school":"Colorado School of Mines"},"81":{"id":82,"school":"University of California-Santa Cruz"},"82":{"id":83,"school":"University of Iowa"},"83":{"id":84,"school":"Miami University-Oxford"},"84":{"id":85,"school":"Texas Christian University"},"85":{"id":86,"school":"University of Denver"},"86":{"id":87,"school":"University of Tulsa"},"87":{"id":88,"school":"Marquette University"},"88":{"id":89,"school":"University of San Diego"},"89":{"id":90,"school":"Binghamton University"},"90":{"id":91,"school":"Stony Brook University"},"91":{"id":92,"school":"University of Colorado Boulder"},"92":{"id":93,"school":"North Carolina State University at Raleigh"},"93":{"id":94,"school":"University of Vermont"},"94":{"id":95,"school":"SUNY College of Environmental Science and Forestry"},"95":{"id":96,"school":"Saint Louis University-Main Campus"},"96":{"id":97,"school":"Florida State University"},"97":{"id":98,"school":"The University of Alabama"},"98":{"id":99,"school":"Drexel University"},"99":{"id":100,"school":"University at Buffalo"},"100":{"id":101,"school":"Loyola University Chicago"},"101":{"id":102,"school":"Auburn University"},"102":{"id":103,"school":"University of Nebraska Lincoln"},"103":{"id":104,"school":"University of Missouri-Columbia"},"104":{"id":105,"school":"University of Tennessee"},"105":{"id":106,"school":"University of Oregon"},"106":{"id":107,"school":"University of New Hampshire-Main Campus"},"107":{"id":108,"school":"University of South Carolina"},"108":{"id":109,"school":"University of Oklahoma"},"109":{"id":110,"school":"University of the Pacific"},"110":{"id":111,"school":"Iowa State University"},"111":{"id":112,"school":"University of San Francisco"},"112":{"id":113,"school":"Illinois Institute of Technology"},"113":{"id":114,"school":"University of Dayton"},"114":{"id":115,"school":"University of St Thomas"},"115":{"id":116,"school":"Duquesne University"},"116":{"id":117,"school":"Temple University"},"117":{"id":118,"school":"University of St. Thomas-Minnesota"},"118":{"id":119,"school":"University of Kansas International Program"},"119":{"id":120,"school":"University of Kansas"},"120":{"id":121,"school":"University of Utah"},"121":{"id":122,"school":"Clarkson University"},"122":{"id":123,"school":"University of California-Riverside"},"123":{"id":124,"school":"DePaul University"},"124":{"id":125,"school":"The Catholic University of America"},"125":{"id":126,"school":"Michigan Technological University"},"126":{"id":127,"school":"Seton Hall University"},"127":{"id":128,"school":"Colorado State University"},"128":{"id":129,"school":"The New School"},"129":{"id":130,"school":"Louisiana State University"},"130":{"id":131,"school":"University of Kentucky"},"131":{"id":132,"school":"Arizona State University"},"132":{"id":133,"school":"University of Arizona"},"133":{"id":134,"school":"University of Illinois at Chicago"},"134":{"id":135,"school":"University at Albany"},"135":{"id":136,"school":"University of Arkansas"},"136":{"id":137,"school":"Arizona State University"},"137":{"id":138,"school":"Hofstra University"},"138":{"id":139,"school":"Ohio University"},"139":{"id":140,"school":"Oregon State University"},"140":{"id":141,"school":"George Mason University"},"141":{"id":142,"school":"Howard University"},"142":{"id":143,"school":"Washington State University"},"143":{"id":144,"school":"University of Mississippi Main Campus"},"144":{"id":145,"school":"University of Cincinnati-Main Campus"},"145":{"id":146,"school":"The University of Texas at Dallas"},"146":{"id":147,"school":"New Jersey Institute of Technology"},"147":{"id":148,"school":"Rutgers University-Newark"},"148":{"id":149,"school":"Kansas State University"},"149":{"id":150,"school":"Missouri University of Science and Technology"},"150":{"id":151,"school":"St. John Fisher College"},"151":{"id":152,"school":"San Diego State University"},"152":{"id":153,"school":"University of Alabama at Birmingham"},"153":{"id":154,"school":"Illinois State University"},"154":{"id":155,"school":"Oklahoma State University-Main Campus"},"155":{"id":156,"school":"University of Maryland--Baltimore"},"156":{"id":157,"school":"Adelphi University"},"157":{"id":158,"school":"St. John's University-New York"},"158":{"id":159,"school":"Southern Illinois University Carbondale"},"159":{"id":160,"school":"Virginia Commonwealth University"},"160":{"id":161,"school":"University of South Florida-Main Campus"},"161":{"id":162,"school":"University of Maryland-Baltimore County"},"162":{"id":163,"school":"University of Massachusetts-Lowell"},"163":{"id":164,"school":"University of La Verne"},"164":{"id":165,"school":"University of Hawaii at Manoa"},"165":{"id":166,"school":"Florida Institute of Technology"},"166":{"id":167,"school":"University of Rhode Island"},"167":{"id":168,"school":"Mississippi State University"},"168":{"id":169,"school":"Biola University"},"169":{"id":170,"school":"Maryville University of Saint Louis"},"170":{"id":171,"school":"Immaculata University"},"171":{"id":172,"school":"Texas Tech University"},"172":{"id":173,"school":"University of Idaho"},"173":{"id":174,"school":"University of Central Florida"},"174":{"id":175,"school":"University of Wyoming"},"175":{"id":176,"school":"Ball State University"},"176":{"id":177,"school":"University of Louisville"},"177":{"id":178,"school":"University of Maine"},"178":{"id":179,"school":"Azusa Pacific University"},"179":{"id":180,"school":"West Virginia University"},"180":{"id":181,"school":"Andrews University"},"181":{"id":182,"school":"Kent State University Kent Campus"},"182":{"id":183,"school":"Edgewood College"},"183":{"id":184,"school":"Pace University"},"184":{"id":185,"school":"Saint Mary's University of Minnesota"},"185":{"id":186,"school":"University of New Mexico-Main Campus"},"186":{"id":187,"school":"University of South Dakota"},"187":{"id":188,"school":"University of North Dakota"},"188":{"id":189,"school":"Spalding University"},"189":{"id":190,"school":"North Dakota State University"},"190":{"id":191,"school":"Bowling Green State University"},"191":{"id":192,"school":"University of Nevada, Reno"},"192":{"id":193,"school":"University of Alabama in Huntsville"},"193":{"id":194,"school":"Western Michigan University"},"194":{"id":195,"school":"University of Houston"},"195":{"id":196,"school":"South Dakota State University"},"196":{"id":197,"school":"University of North Carolina at Greensboro"},"197":{"id":198,"school":"Widener University"},"198":{"id":199,"school":"University of Missouri-Kansas City"},"199":{"id":200,"school":"University of North Carolina at Charlotte"},"200":{"id":201,"school":"Northern Illinois University"},"201":{"id":202,"school":"Utah State University"},"202":{"id":203,"school":"Central Michigan University"},"203":{"id":204,"school":"East Carolina University"},"204":{"id":205,"school":"South Carolina State University"},"205":{"id":206,"school":"Indiana University-Purdue University-Indianapolis"},"206":{"id":207,"school":"University of Colorado Denver"},"207":{"id":208,"school":"Louisiana Tech University"},"208":{"id":209,"school":"Ashland University"},"209":{"id":210,"school":"New Mexico State University-Main Campus"}}