{"0":{"toefl":"105","sat":"2120 - 2380","acptrate":"7%","interate":0.1185421755},"1":{"toefl":"100","sat":"1800 - 2400","acptrate":"6%","interate":0.2990737974},"2":{"toefl":"100","sat":"2140 - 2390","acptrate":"6%","interate":0.1767390907},"3":{"toefl":"105","sat":"2040 - 2350","acptrate":"5%","interate":0.0991735537},"4":{"toefl":"100","sat":"2120 - 2350","acptrate":"9%","interate":0.15},"5":{"toefl":null,"sat":"2100 - 2350","acptrate":"7%","interate":0.123987034},"6":{"toefl":"90","sat":"2090 - 2350","acptrate":"6%","interate":0.0881183746},"7":{"toefl":null,"sat":"2090 - 2330","acptrate":"11%","interate":0.0656504679},"8":{"toefl":"100","sat":"2050 - 2370","acptrate":"10%","interate":0.0133388057},"9":{"toefl":"105","sat":"2160 - 2390","acptrate":"9%","interate":0.1027466938},"10":{"toefl":"100","sat":"2110 - 2260","acptrate":"15%","interate":0.0870456664},"11":{"toefl":"105","sat":"2090 - 2390","acptrate":"13%","interate":0.0638552904},"12":{"toefl":"100","sat":"1990 - 2340","acptrate":"12%","interate":0.0727315248},"13":{"toefl":"100","sat":"1980 - 2330","acptrate":"9%","interate":0.0850641417},"14":{"toefl":"100","sat":"1970 - 2270","acptrate":"16%","interate":0.0999929879},"15":{"toefl":null,"sat":null,"acptrate":"17%","interate":0.0586998949},"16":{"toefl":"100","sat":"1410 - 2350","acptrate":"13%","interate":0.0598452781},"17":{"toefl":"100","sat":"1990 - 2250","acptrate":"20%","interate":0.0828598485},"18":{"toefl":"100","sat":"1980 - 2320","acptrate":"15%","interate":0.1961283749},"19":{"toefl":"80","sat":"1840 - 1840","acptrate":"16%","interate":0.1296674502},"20":{"toefl":"100","sat":"1970 - 2250","acptrate":"27%","interate":0.1601737131},"21":{"toefl":"100","sat":"1940 - 1500","acptrate":"17%","interate":0.1300855826},"22":{"toefl":"83","sat":"1760 - 2150","acptrate":"19%","interate":0.0679310228},"23":{"toefl":"100","sat":"1930 - 2230","acptrate":"18%","interate":0.1152614728},"24":{"toefl":"102","sat":"1860 - 2260","acptrate":"25%","interate":0.1340941512},"25":{"toefl":"90","sat":"1870 - 2180","acptrate":"29%","interate":0.0527816538},"26":{"toefl":"100","sat":"2040 - 2280","acptrate":"15%","interate":0.2518},"27":{"toefl":"100","sat":null,"acptrate":"29%","interate":0.0168481611},"28":{"toefl":"88","sat":"1870 - 2210","acptrate":"32%","interate":0.0555731643},"29":{"toefl":"100","sat":"1960 - 2180","acptrate":"34%","interate":0.0485033865},"30":{"toefl":"100","sat":"1790 - 1420","acptrate":"29%","interate":0.0272479564},"31":{"toefl":"100","sat":"1940 - 2190","acptrate":"35%","interate":0.0573544126},"32":{"toefl":"100","sat":"1870 - 2150","acptrate":"36%","interate":0.1473207058},"33":{"toefl":null,"sat":"1860 - 1460","acptrate":"33%","interate":0.0322273377},"34":{"toefl":"100","sat":"1270 - 2190","acptrate":"35%","interate":0.231697506},"35":{"toefl":null,"sat":"1860 - 2160","acptrate":"33%","interate":0.2724424465},"36":{"toefl":"80","sat":"1670 - 2030","acptrate":"40%","interate":0.0121963932},"37":{"toefl":"90","sat":"1830 - 2180","acptrate":"38%","interate":0.1388719202},"38":{"toefl":"80","sat":"1710 - 2050","acptrate":"41%","interate":0.0892477688},"39":{"toefl":"83","sat":"2050 - 2080","acptrate":"37%","interate":0.0285115304},"40":{"toefl":"83","sat":"1770 - 1970","acptrate":"41%","interate":null},"41":{"toefl":"79","sat":"1820 - 2120","acptrate":"59%","interate":0.0753360235},"42":{"toefl":"90","sat":null,"acptrate":"32%","interate":0.1923173645},"43":{"toefl":"88","sat":"1880 - 1290","acptrate":"41%","interate":0.1487265291},"44":{"toefl":"80","sat":"1760 - 2070","acptrate":"50%","interate":0.1303013839},"45":{"toefl":"100","sat":"1880 - 1344","acptrate":"28%","interate":0.0221477314},"46":{"toefl":"92","sat":null,"acptrate":"32%","interate":0.141091954},"47":{"toefl":"80","sat":"1620 - 2000","acptrate":"50%","interate":0.0352976},"48":{"toefl":null,"sat":"1780 - 2040","acptrate":"47%","interate":0.0173190985},"49":{"toefl":null,"sat":"1860 - 1410","acptrate":"34%","interate":0.0343737653},"50":{"toefl":"80","sat":null,"acptrate":"38%","interate":0.0934090304},"51":{"toefl":"92","sat":null,"acptrate":"55%","interate":0.1312597809},"52":{"toefl":"79","sat":"1690 - 1340","acptrate":"53%","interate":0.041863168},"53":{"toefl":"79","sat":"1660 - 2050","acptrate":"40%","interate":0.0909849961},"54":{"toefl":"80","sat":"1810 - 2040","acptrate":"36%","interate":0.0927267459},"55":{"toefl":"84","sat":"1630 - 2040","acptrate":"82%","interate":0.1444799432},"56":{"toefl":"90","sat":null,"acptrate":"43.8%","interate":null},"57":{"toefl":"79","sat":null,"acptrate":"54%","interate":0.014474268},"58":{"toefl":"100","sat":"1770 - 1420","acptrate":"47%","interate":0.0254287404},"59":{"toefl":"79","sat":"1760 - 2130","acptrate":"44%","interate":0.0694214876},"60":{"toefl":"79","sat":"1600 - 1960","acptrate":"59%","interate":0.0901042557},"61":{"toefl":"80","sat":null,"acptrate":"53%","interate":0.0466368891},"62":{"toefl":"80","sat":"1680 - 1462","acptrate":"56%","interate":0.009709099},"63":{"toefl":"79","sat":"1730 - 1330","acptrate":"52%","interate":0.0089223638},"64":{"toefl":"80","sat":"1750 - 2070","acptrate":"52%","interate":0.0600844938},"65":{"toefl":"100","sat":"1730 - 2000","acptrate":"53%","interate":9.84},"66":{"toefl":"90","sat":"1720 - 2030","acptrate":"48%","interate":0.0218927372},"67":{"toefl":"80","sat":"1690 - 1370","acptrate":"47%","interate":0.0396127085},"68":{"toefl":"79","sat":"1700 - 2071","acptrate":"45%","interate":0.042793514},"69":{"toefl":"80","sat":"1650 - 1960","acptrate":"73%","interate":0.0187652081},"70":{"toefl":"80","sat":"1610 - 1900","acptrate":"71%","interate":0.0142484021},"71":{"toefl":"79","sat":"1720 - 2030","acptrate":"60%","interate":0.094925},"72":{"toefl":"80","sat":null,"acptrate":"46%","interate":0.0606021282},"73":{"toefl":"76","sat":"1660 - 1310","acptrate":"55%","interate":0.0354282416},"74":{"toefl":"79","sat":"1430 - 1850","acptrate":"66%","interate":0.0514326102},"75":{"toefl":"79","sat":"1110 - 1910","acptrate":"76%","interate":null},"76":{"toefl":"90","sat":null,"acptrate":"63%","interate":null},"77":{"toefl":"80","sat":"1127 - 1300","acptrate":"61%","interate":0.0136616933},"78":{"toefl":"80","sat":"1620 - 1330","acptrate":"62%","interate":0.0873533246},"79":{"toefl":"80","sat":"1750 - 2050","acptrate":"44%","interate":0.0594744122},"80":{"toefl":"79","sat":"1230 - 1350","acptrate":"37%","interate":0.0554308797},"81":{"toefl":"80","sat":"1530 - 1900","acptrate":"52%","interate":0.0074477406},"82":{"toefl":"80","sat":"1530 - 1910","acptrate":"81%","interate":0.0364587993},"83":{"toefl":"80","sat":"1650 - 1940","acptrate":"67%","interate":0.1100059678},"84":{"toefl":"80","sat":"1580 - 1910","acptrate":"49%","interate":0.0499595235},"85":{"toefl":"80","sat":"1650 - 1940","acptrate":"77%","interate":0.0629054453},"86":{"toefl":"80","sat":null,"acptrate":"41%","interate":0.1798991808},"87":{"toefl":null,"sat":null,"acptrate":"67%","interate":0.0198445906},"88":{"toefl":"80","sat":"1890 - 1980","acptrate":"49%","interate":0.0261167223},"89":{"toefl":"83","sat":"1820 - 2070","acptrate":"42%","interate":0.1589597599},"90":{"toefl":"80","sat":null,"acptrate":"41%","interate":0.0903107861},"91":{"toefl":"75","sat":"1900 - 1280","acptrate":"84%","interate":0.0242588646},"92":{"toefl":"85","sat":"1590 - 1950","acptrate":"51%","interate":0.0255792097},"93":{"toefl":"79","sat":"1680 - 1940","acptrate":"73%","interate":null},"94":{"toefl":null,"sat":"1580 - 1830","acptrate":"51%","interate":0.0996714129},"95":{"toefl":"80","sat":"1630 - 2000","acptrate":"64%","interate":null},"96":{"toefl":"80","sat":"1730 - 1920","acptrate":"55%","interate":0.0105359597},"97":{"toefl":"71","sat":"1490 - 1950","acptrate":"51%","interate":0.0171370968},"98":{"toefl":"79","sat":"1900 - 1930","acptrate":"76%","interate":0.1513967803},"99":{"toefl":"79","sat":"1570 - 1270","acptrate":"57%","interate":0.1278430581},"100":{"toefl":"79","sat":"1412 - 1890","acptrate":"63%","interate":0.0157915133},"101":{"toefl":"60","sat":null,"acptrate":"83%","interate":null},"102":{"toefl":"70","sat":"1900 - 1330","acptrate":"70%","interate":0.110616147},"103":{"toefl":"61","sat":"1570 - 1090","acptrate":"78%","interate":0.0585810371},"104":{"toefl":"70","sat":null,"acptrate":"75%","interate":0.4592575528},"105":{"toefl":"109","sat":"990 - 1220","acptrate":"75%","interate":0.0536504694},"106":{"toefl":"80","sat":"1650 - 1200","acptrate":"80%","interate":0.0101246106},"107":{"toefl":null,"sat":null,"acptrate":"65.2%","interate":null},"108":{"toefl":"79","sat":null,"acptrate":"80%","interate":0.0845539281},"109":{"toefl":"61","sat":null,"acptrate":"73%","interate":0.0500386897},"110":{"toefl":"71","sat":"1520 - 1300","acptrate":"87%","interate":0.0498044509},"111":{"toefl":"79","sat":"1540 - 1900","acptrate":"60%","interate":0.0889700511},"112":{"toefl":"80","sat":"1660 - 2020","acptrate":"51%","interate":0.1862611073},"113":{"toefl":"70","sat":null,"acptrate":"59%","interate":0.1289717435},"114":{"toefl":null,"sat":null,"acptrate":null,"interate":null},"115":{"toefl":null,"sat":"1550 - 1800","acptrate":"74%","interate":0.1109593718},"116":{"toefl":"79","sat":null,"acptrate":"64%","interate":0.0606310305},"117":{"toefl":"80","sat":null,"acptrate":"89%","interate":0.0849358974},"118":{"toefl":null,"sat":null,"acptrate":null,"interate":null},"119":{"toefl":null,"sat":null,"acptrate":"88.4%","interate":0.1211076335},"120":{"toefl":"80","sat":"1470 - 1290","acptrate":"81%","interate":0.0324074074},"121":{"toefl":"80","sat":"1550 - 1885","acptrate":"62%","interate":0.0357252849},"122":{"toefl":"80","sat":"1420 - 1790","acptrate":"58.3%","interate":0.050002697},"123":{"toefl":"80","sat":null,"acptrate":"60%","interate":0.0253970178},"124":{"toefl":"80","sat":"1900 - 1830","acptrate":"60%","interate":0.0501119821},"125":{"toefl":"79","sat":"1590 - 1945","acptrate":"76%","interate":0.0734722713},"126":{"toefl":"79","sat":"1480 - 1820","acptrate":"76%","interate":0.0245831184},"127":{"toefl":"79","sat":"1120 - 1260","acptrate":"77%","interate":0.0188251114},"128":{"toefl":"79","sat":"1550 - 1865","acptrate":"75%","interate":0.2675932699},"129":{"toefl":"79","sat":null,"acptrate":null,"interate":null},"130":{"toefl":"71","sat":null,"acptrate":"69%","interate":0.0283417739},"131":{"toefl":"61","sat":null,"acptrate":"84%","interate":0.1285278223},"132":{"toefl":"70","sat":"1460 - 1820","acptrate":"75%","interate":0.0494740352},"133":{"toefl":"80","sat":"1460 - 1890","acptrate":"73%","interate":0.0177070828},"134":{"toefl":"79","sat":"1020 - 1190","acptrate":"56%","interate":0.1005491531},"135":{"toefl":"79","sat":"1520 - 1230","acptrate":"62%","interate":0.0246840081},"136":{"toefl":null,"sat":null,"acptrate":null,"interate":null},"137":{"toefl":null,"sat":null,"acptrate":null,"interate":null},"138":{"toefl":"71","sat":null,"acptrate":"73%","interate":0.1082589928},"139":{"toefl":"80","sat":"1380 - 1810","acptrate":"78%","interate":0.01861691},"140":{"toefl":"88","sat":"1520 - 1840","acptrate":"67%","interate":0.0826212108},"141":{"toefl":"79","sat":"1440 - 1760","acptrate":"48%","interate":0.0513332383},"142":{"toefl":"79","sat":null,"acptrate":"82%","interate":0.0963694333},"143":{"toefl":"79","sat":null,"acptrate":"81%","interate":0.0239765759},"144":{"toefl":null,"sat":"1530 - 1860","acptrate":"76%","interate":0.015815135},"145":{"toefl":"80","sat":"1200 - 1990","acptrate":"62%","interate":0.0364120043},"146":{"toefl":"79","sat":"1510 - 1840","acptrate":"64%","interate":0.0401324503},"147":{"toefl":"79","sat":"1630 - 1718","acptrate":"63%","interate":0.0226781857},"148":{"toefl":null,"sat":null,"acptrate":"95%","interate":0.0414001686},"149":{"toefl":"79","sat":null,"acptrate":"86%","interate":0.019932536},"150":{"toefl":null,"sat":null,"acptrate":null,"interate":null},"151":{"toefl":"80","sat":null,"acptrate":"35%","interate":0.0846202666},"152":{"toefl":"77","sat":null,"acptrate":"86%","interate":0.0501755287},"153":{"toefl":null,"sat":null,"acptrate":null,"interate":null},"154":{"toefl":null,"sat":null,"acptrate":null,"interate":null},"155":{"toefl":null,"sat":null,"acptrate":null,"interate":null},"156":{"toefl":null,"sat":null,"acptrate":null,"interate":null},"157":{"toefl":null,"sat":null,"acptrate":null,"interate":null},"158":{"toefl":null,"sat":null,"acptrate":null,"interate":null},"159":{"toefl":null,"sat":"1460 - 1800","acptrate":"69%","interate":0.0506635506},"160":{"toefl":"79","sat":"1200 - 1870","acptrate":"48%","interate":0.0182186886},"161":{"toefl":"48","sat":"1250 - 1800","acptrate":"60%","interate":0.0454345725},"162":{"toefl":null,"sat":null,"acptrate":null,"interate":null},"163":{"toefl":null,"sat":null,"acptrate":null,"interate":null},"164":{"toefl":"61","sat":null,"acptrate":"78%","interate":0.1132663174},"165":{"toefl":"79","sat":null,"acptrate":"62%","interate":0.3685368537},"166":{"toefl":null,"sat":null,"acptrate":"76%","interate":0.0197693575},"167":{"toefl":null,"sat":null,"acptrate":null,"interate":null},"168":{"toefl":null,"sat":null,"acptrate":null,"interate":null},"169":{"toefl":null,"sat":null,"acptrate":null,"interate":null},"170":{"toefl":null,"sat":null,"acptrate":null,"interate":null},"171":{"toefl":"79","sat":null,"acptrate":"71%","interate":0.0581455006},"172":{"toefl":"70","sat":null,"acptrate":"65%","interate":0.0541747888},"173":{"toefl":null,"sat":null,"acptrate":null,"interate":null},"174":{"toefl":"71","sat":null,"acptrate":"98%","interate":0.2730058318},"175":{"toefl":"79","sat":"1400 - 1730","acptrate":"60%","interate":0.0129150168},"176":{"toefl":"79","sat":"1510 - 1260","acptrate":"74%","interate":0.0192331788},"177":{"toefl":"79","sat":"1430 - 1780","acptrate":"83%","interate":0.0222721919},"178":{"toefl":null,"sat":null,"acptrate":null,"interate":null},"179":{"toefl":"61","sat":"1380 - 1140","acptrate":"86%","interate":0.0771174046},"180":{"toefl":null,"sat":null,"acptrate":null,"interate":null},"181":{"toefl":null,"sat":null,"acptrate":null,"interate":null},"182":{"toefl":null,"sat":null,"acptrate":null,"interate":null},"183":{"toefl":null,"sat":null,"acptrate":"87%","interate":0.1201206232},"184":{"toefl":null,"sat":null,"acptrate":null,"interate":null},"185":{"toefl":"68","sat":"1400 - 1190","acptrate":"45%","interate":0.0133027358},"186":{"toefl":null,"sat":null,"acptrate":null,"interate":null},"187":{"toefl":"71","sat":"600 - 1180","acptrate":"71%","interate":0.0550153531},"188":{"toefl":null,"sat":null,"acptrate":null,"interate":null},"189":{"toefl":null,"sat":null,"acptrate":null,"interate":null},"190":{"toefl":null,"sat":null,"acptrate":null,"interate":null},"191":{"toefl":null,"sat":null,"acptrate":"84%","interate":0.0},"192":{"toefl":null,"sat":null,"acptrate":null,"interate":null},"193":{"toefl":null,"sat":null,"acptrate":null,"interate":null},"194":{"toefl":"79","sat":null,"acptrate":"63%","interate":0.1022330245},"195":{"toefl":null,"sat":null,"acptrate":null,"interate":null},"196":{"toefl":"79","sat":"1380 - 1660","acptrate":"60%","interate":0.0320964872},"197":{"toefl":null,"sat":null,"acptrate":null,"interate":null},"198":{"toefl":null,"sat":null,"acptrate":null,"interate":null},"199":{"toefl":null,"sat":null,"acptrate":null,"interate":null},"200":{"toefl":null,"sat":null,"acptrate":null,"interate":null},"201":{"toefl":null,"sat":null,"acptrate":null,"interate":null},"202":{"toefl":null,"sat":null,"acptrate":null,"interate":null},"203":{"toefl":null,"sat":null,"acptrate":null,"interate":null},"204":{"toefl":null,"sat":null,"acptrate":null,"interate":null},"205":{"toefl":null,"sat":null,"acptrate":null,"interate":null},"206":{"toefl":"75","sat":"1445 - 1600","acptrate":"69%","interate":0.0342813221},"207":{"toefl":null,"sat":null,"acptrate":null,"interate":null},"208":{"toefl":null,"sat":null,"acptrate":null,"interate":null},"209":{"toefl":null,"sat":null,"acptrate":null,"interate":null}}